{
  "model_type": "attention_lstm",
  "num_params": 57026,
  "best_val_loss": 0.0041411761194467545,
  "best_epoch": 8,
  "eval_metrics": {
    "mse": 0.028256451711058617,
    "rmse": 0.16809655725955963,
    "mae": 0.1516377478837967,
    "mape": 220.5668182373047,
    "r2": -1.2247538566589355
  }
}