{
  "model_type": "gru",
  "num_params": 40129,
  "best_val_loss": 0.005001458339393139,
  "best_epoch": 2,
  "eval_metrics": {
    "mse": 0.03967486694455147,
    "rmse": 0.19918550550937653,
    "mae": 0.17805583775043488,
    "mape": 258.9151916503906,
    "r2": -2.1237757205963135
  }
}