{
  "model_type": "lstm",
  "num_params": 54913,
  "best_val_loss": 0.004182923585176468,
  "best_epoch": 3,
  "eval_metrics": {
    "mse": 0.037066880613565445,
    "rmse": 0.19252760708332062,
    "mae": 0.1725170761346817,
    "mape": 250.55850219726562,
    "r2": -1.9184374809265137
  }
}