model_type,num_params,best_val_loss,best_epoch,mse,rmse,mae,mape,r2
lstm,54913,0.004182923585176468,3,0.03706688,0.1925276,0.17251708,250.5585,-1.9184375
gru,40129,0.005001458339393139,2,0.039674867,0.1991855,0.17805584,258.9152,-2.1237757
attention_lstm,57026,0.0041411761194467545,8,0.028256452,0.16809656,0.15163775,220.56682,-1.2247539
